Workbook

Sheet DASHBOARD
A1: HS COMPLIANCE CHECKER — DASHBOARD
A2: Real-time compliance overview — All metrics auto-update from checker sheets
A4: HS CODE VALIDATION
A5: Metric | B5: Value
A6: Total Lines Checked | B6: =COUNTA(INPUT!A:A)-1
A7: HS Matches | B7: =COUNTIF(HS_CHECK!H:H,"MATCH")
A8: HS Mismatches | B8: =COUNTIF(HS_CHECK!H:H,"MISMATCH")
A9: New Items (Flagged) | B9: =COUNTIF(HS_CHECK!H:H,"NEW ITEM")
A10: HS Pass Rate | B10: =IFERROR(COUNTIF(HS_CHECK!H:H,"MATCH")/(COUNTA(INPUT!A:A)-1),0)
A13: PPI COMPLIANCE
A14: Metric | B14: Value
A15: PPI Compliant | B15: =COUNTIF(PPI_CHECK!F:F,"IN PPI")
A16: PPI Non-Compliant | B16: =COUNTIF(PPI_CHECK!F:F,"NOT IN PPI")
A17: Qty Exceeded | B17: =COUNTIF(PPI_CHECK!I:I,"EXCEEDED")
A18: PPI Pass Rate | B18: =IFERROR(COUNTIF(PPI_CHECK!F:F,"IN PPI")/(COUNTA(INPUT!A:A)-1),0)

Sheet CONFIG
A1: CHECKER CONFIGURATION
A3: Setting | B3: Value | C3: Options | D3: Effect
A4: Invoice Bank / PPI List | B4: CVC | C4: CVC or HSBC | D4: CVC = Spare parts (Citi) | HSBC = Kits — PPI_CHECK reads the matching list automatically
A6: ⚠ Change B4 ONCE per invoice run. CVC for spare parts invoices. HSBC for kit invoices.

Sheet INPUT
A1: INPUT — Paste Zone (Values Only, No Formulas)
A2: Line N° | B2: Part No | C2: Designation | D2: Class | E2: HS Code (Invoice) | F2: Qty | G2: Bank

Sheet DB
A1: DB — Historical Database (Swappable: Paste Any Clean DB Here)
A2: Part No | B2: HS Code | C2: Designation | D2: Class
A3: SAMPLE-001 | B3: 8450909900 | C3: Sample Part — Washing Machine | D3: WM
A4: SAMPLE-002 | B4: 8418999300 | C4: Sample Part — Refrigerator | D4: RF
A5: SAMPLE-003 | B5: 8415901300 | C5: Sample Part — Air Conditioner | D5: AC

Sheet HS_CHECK
A1: HS_CHECK — HS Code Validation Engine
A2: Line N° | B2: Part No | C2: Class | D2: Designation | E2: HS Invoice (raw) | F2: HS Invoice (norm) | G2: DB Historical HS | H2: HS Match Result | I2: Volatile Item
A3: =IF(INPUT!A3="","",INPUT!A3) | B3: =IF(INPUT!B3="","",INPUT!B3) | C3: =IF(INPUT!D3="","",INPUT!D3) | D3: =IF(INPUT!C3="","",INPUT!C3) | E3: =IF(INPUT!E3="","",INPUT!E3) | F3: =IF(E3="","",TEXT(E3,"0000000000")) | G3: =IF(B3="","",IFERROR(INDEX(DB!$B:$B,MATCH(B3,DB!$A:$A,0)),"-")) | H3: =IF(B3="","",IF(G3="-","NEW ITEM",IF(F3=TEXT(G3,"0000000000"),"MATCH","MISMATCH"))) | I3: =IF(B3="","",IF(G3="-","-",IF(F3<>TEXT(G3,"0000000000"),"CHECK - HS MISMATCH","-")))
A4: =IF(INPUT!A4="","",INPUT!A4) | B4: =IF(INPUT!B4="","",INPUT!B4) | C4: =IF(INPUT!D4="","",INPUT!D4) | D4: =IF(INPUT!C4="","",INPUT!C4) | E4: =IF(INPUT!E4="","",INPUT!E4) | F4: =IF(E4="","",TEXT(E4,"0000000000")) | G4: =IF(B4="","",IFERROR(INDEX(DB!$B:$B,MATCH(B4,DB!$A:$A,0)),"-")) | H4: =IF(B4="","",IF(G4="-","NEW ITEM",IF(F4=TEXT(G4,"0000000000"),"MATCH","MISMATCH"))) | I4: =IF(B4="","",IF(G4="-","-",IF(F4<>TEXT(G4,"0000000000"),"CHECK - HS MISMATCH","-")))
A5: =IF(INPUT!A5="","",INPUT!A5) | B5: =IF(INPUT!B5="","",INPUT!B5) | C5: =IF(INPUT!D5="","",INPUT!D5) | D5: =IF(INPUT!C5="","",INPUT!C5) | E5: =IF(INPUT!E5="","",INPUT!E5) | F5: =IF(E5="","",TEXT(E5,"0000000000")) | G5: =IF(B5="","",IFERROR(INDEX(DB!$B:$B,MATCH(B5,DB!$A:$A,0)),"-")) | H5: =IF(B5="","",IF(G5="-","NEW ITEM",IF(F5=TEXT(G5,"0000000000"),"MATCH","MISMATCH"))) | I5: =IF(B5="","",IF(G5="-","-",IF(F5<>TEXT(G5,"0000000000"),"CHECK - HS MISMATCH","-")))
A6: =IF(INPUT!A6="","",INPUT!A6) | B6: =IF(INPUT!B6="","",INPUT!B6) | C6: =IF(INPUT!D6="","",INPUT!D6) | D6: =IF(INPUT!C6="","",INPUT!C6) | E6: =IF(INPUT!E6="","",INPUT!E6) | F6: =IF(E6="","",TEXT(E6,"0000000000")) | G6: =IF(B6="","",IFERROR(INDEX(DB!$B:$B,MATCH(B6,DB!$A:$A,0)),"-")) | H6: =IF(B6="","",IF(G6="-","NEW ITEM",IF(F6=TEXT(G6,"0000000000"),"MATCH","MISMATCH"))) | I6: =IF(B6="","",IF(G6="-","-",IF(F6<>TEXT(G6,"0000000000"),"CHECK - HS MISMATCH","-")))
A7: =IF(INPUT!A7="","",INPUT!A7) | B7: =IF(INPUT!B7="","",INPUT!B7) | C7: =IF(INPUT!D7="","",INPUT!D7) | D7: =IF(INPUT!C7="","",INPUT!C7) | E7: =IF(INPUT!E7="","",INPUT!E7) | F7: =IF(E7="","",TEXT(E7,"0000000000")) | G7: =IF(B7="","",IFERROR(INDEX(DB!$B:$B,MATCH(B7,DB!$A:$A,0)),"-")) | H7: =IF(B7="","",IF(G7="-","NEW ITEM",IF(F7=TEXT(G7,"0000000000"),"MATCH","MISMATCH"))) | I7: =IF(B7="","",IF(G7="-","-",IF(F7<>TEXT(G7,"0000000000"),"CHECK - HS MISMATCH","-")))
A8: =IF(INPUT!A8="","",INPUT!A8) | B8: =IF(INPUT!B8="","",INPUT!B8) | C8: =IF(INPUT!D8="","",INPUT!D8) | D8: =IF(INPUT!C8="","",INPUT!C8) | E8: =IF(INPUT!E8="","",INPUT!E8) | F8: =IF(E8="","",TEXT(E8,"0000000000")) | G8: =IF(B8="","",IFERROR(INDEX(DB!$B:$B,MATCH(B8,DB!$A:$A,0)),"-")) | H8: =IF(B8="","",IF(G8="-","NEW ITEM",IF(F8=TEXT(G8,"0000000000"),"MATCH","MISMATCH"))) | I8: =IF(B8="","",IF(G8="-","-",IF(F8<>TEXT(G8,"0000000000"),"CHECK - HS MISMATCH","-")))
A9: =IF(INPUT!A9="","",INPUT!A9) | B9: =IF(INPUT!B9="","",INPUT!B9) | C9: =IF(INPUT!D9="","",INPUT!D9) | D9: =IF(INPUT!C9="","",INPUT!C9) | E9: =IF(INPUT!E9="","",INPUT!E9) | F9: =IF(E9="","",TEXT(E9,"0000000000")) | G9: =IF(B9="","",IFERROR(INDEX(DB!$B:$B,MATCH(B9,DB!$A:$A,0)),"-")) | H9: =IF(B9="","",IF(G9="-","NEW ITEM",IF(F9=TEXT(G9,"0000000000"),"MATCH","MISMATCH"))) | I9: =IF(B9="","",IF(G9="-","-",IF(F9<>TEXT(G9,"0000000000"),"CHECK - HS MISMATCH","-")))
A10: =IF(INPUT!A10="","",INPUT!A10) | B10: =IF(INPUT!B10="","",INPUT!B10) | C10: =IF(INPUT!D10="","",INPUT!D10) | D10: =IF(INPUT!C10="","",INPUT!C10) | E10: =IF(INPUT!E10="","",INPUT!E10) | F10: =IF(E10="","",TEXT(E10,"0000000000")) | G10: =IF(B10="","",IFERROR(INDEX(DB!$B:$B,MATCH(B10,DB!$A:$A,0)),"-")) | H10: =IF(B10="","",IF(G10="-","NEW ITEM",IF(F10=TEXT(G10,"0000000000"),"MATCH","MISMATCH"))) | I10: =IF(B10="","",IF(G10="-","-",IF(F10<>TEXT(G10,"0000000000"),"CHECK - HS MISMATCH","-")))
A11: =IF(INPUT!A11="","",INPUT!A11) | B11: =IF(INPUT!B11="","",INPUT!B11) | C11: =IF(INPUT!D11="","",INPUT!D11) | D11: =IF(INPUT!C11="","",INPUT!C11) | E11: =IF(INPUT!E11="","",INPUT!E11) | F11: =IF(E11="","",TEXT(E11,"0000000000")) | G11: =IF(B11="","",IFERROR(INDEX(DB!$B:$B,MATCH(B11,DB!$A:$A,0)),"-")) | H11: =IF(B11="","",IF(G11="-","NEW ITEM",IF(F11=TEXT(G11,"0000000000"),"MATCH","MISMATCH"))) | I11: =IF(B11="","",IF(G11="-","-",IF(F11<>TEXT(G11,"0000000000"),"CHECK - HS MISMATCH","-")))
A12: =IF(INPUT!A12="","",INPUT!A12) | B12: =IF(INPUT!B12="","",INPUT!B12) | C12: =IF(INPUT!D12="","",INPUT!D12) | D12: =IF(INPUT!C12="","",INPUT!C12) | E12: =IF(INPUT!E12="","",INPUT!E12) | F12: =IF(E12="","",TEXT(E12,"0000000000")) | G12: =IF(B12="","",IFERROR(INDEX(DB!$B:$B,MATCH(B12,DB!$A:$A,0)),"-")) | H12: =IF(B12="","",IF(G12="-","NEW ITEM",IF(F12=TEXT(G12,"0000000000"),"MATCH","MISMATCH"))) | I12: =IF(B12="","",IF(G12="-","-",IF(F12<>TEXT(G12,"0000000000"),"CHECK - HS MISMATCH","-")))
A13: =IF(INPUT!A13="","",INPUT!A13) | B13: =IF(INPUT!B13="","",INPUT!B13) | C13: =IF(INPUT!D13="","",INPUT!D13) | D13: =IF(INPUT!C13="","",INPUT!C13) | E13: =IF(INPUT!E13="","",INPUT!E13) | F13: =IF(E13="","",TEXT(E13,"0000000000")) | G13: =IF(B13="","",IFERROR(INDEX(DB!$B:$B,MATCH(B13,DB!$A:$A,0)),"-")) | H13: =IF(B13="","",IF(G13="-","NEW ITEM",IF(F13=TEXT(G13,"0000000000"),"MATCH","MISMATCH"))) | I13: =IF(B13="","",IF(G13="-","-",IF(F13<>TEXT(G13,"0000000000"),"CHECK - HS MISMATCH","-")))
A14: =IF(INPUT!A14="","",INPUT!A14) | B14: =IF(INPUT!B14="","",INPUT!B14) | C14: =IF(INPUT!D14="","",INPUT!D14) | D14: =IF(INPUT!C14="","",INPUT!C14) | E14: =IF(INPUT!E14="","",INPUT!E14) | F14: =IF(E14="","",TEXT(E14,"0000000000")) | G14: =IF(B14="","",IFERROR(INDEX(DB!$B:$B,MATCH(B14,DB!$A:$A,0)),"-")) | H14: =IF(B14="","",IF(G14="-","NEW ITEM",IF(F14=TEXT(G14,"0000000000"),"MATCH","MISMATCH"))) | I14: =IF(B14="","",IF(G14="-","-",IF(F14<>TEXT(G14,"0000000000"),"CHECK - HS MISMATCH","-")))
... A502: =IF(INPUT!A502="","",INPUT!A502) | B502: =IF(INPUT!B502="","",INPUT!B502) | C502: =IF(INPUT!D502="","",INPUT!D502) | D502: =IF(INPUT!C502="","",INPUT!C502) | E502: =IF(INPUT!E502="","",INPUT!E502) | F502: =IF(E502="","",TEXT(E502,"0000000000")) | G502: =IF(B502="","",IFERROR(INDEX(DB!$B:$B,MATCH(B502,DB!$A:$A,0)),"-")) | H502: =IF(B502="","",IF(G502="-","NEW ITEM",IF(F502=TEXT(G502,"0000000000"),"MATCH","MISMATCH"))) | I502: =IF(B502="","",IF(G502="-","-",IF(F502<>TEXT(G502,"0000000000"),"CHECK - HS MISMATCH","-")))

Sheet PPI_CHECK
A1: PPI_CHECK — PPI Compliance Validation Engine
A2: Line N° | B2: Part No | C2: Designation | D2: Class | E2: HS Code (Normalized) | F2: PPI Status | G2: — | H2: Invoice Qty | I2: —
A3: =IF(INPUT!A3="","",INPUT!A3) | B3: =IF(INPUT!B3="","",INPUT!B3) | C3: =IF(INPUT!C3="","",INPUT!C3) | D3: =IF(INPUT!D3="","",INPUT!D3) | E3: =IF(INPUT!E3="","",TEXT(INPUT!E3,"0000000000")) | F3: =IF(E3="","",IF(COUNTIF(INDIRECT("PPI_"&CONFIG!$B$4&"!$A:$A"),VALUE(E3))>0,"IN PPI","NOT IN PPI")) | G3: =IF(F3="","","-") | H3: =IF(INPUT!F3="","",INPUT!F3) | I3: =IF(F3="","","N/A")
A4: =IF(INPUT!A4="","",INPUT!A4) | B4: =IF(INPUT!B4="","",INPUT!B4) | C4: =IF(INPUT!C4="","",INPUT!C4) | D4: =IF(INPUT!D4="","",INPUT!D4) | E4: =IF(INPUT!E4="","",TEXT(INPUT!E4,"0000000000")) | F4: =IF(E4="","",IF(COUNTIF(INDIRECT("PPI_"&CONFIG!$B$4&"!$A:$A"),VALUE(E4))>0,"IN PPI","NOT IN PPI")) | G4: =IF(F4="","","-") | H4: =IF(INPUT!F4="","",INPUT!F4) | I4: =IF(F4="","","N/A")
A5: =IF(INPUT!A5="","",INPUT!A5) | B5: =IF(INPUT!B5="","",INPUT!B5) | C5: =IF(INPUT!C5="","",INPUT!C5) | D5: =IF(INPUT!D5="","",INPUT!D5) | E5: =IF(INPUT!E5="","",TEXT(INPUT!E5,"0000000000")) | F5: =IF(E5="","",IF(COUNTIF(INDIRECT("PPI_"&CONFIG!$B$4&"!$A:$A"),VALUE(E5))>0,"IN PPI","NOT IN PPI")) | G5: =IF(F5="","","-") | H5: =IF(INPUT!F5="","",INPUT!F5) | I5: =IF(F5="","","N/A")
A6: =IF(INPUT!A6="","",INPUT!A6) | B6: =IF(INPUT!B6="","",INPUT!B6) | C6: =IF(INPUT!C6="","",INPUT!C6) | D6: =IF(INPUT!D6="","",INPUT!D6) | E6: =IF(INPUT!E6="","",TEXT(INPUT!E6,"0000000000")) | F6: =IF(E6="","",IF(COUNTIF(INDIRECT("PPI_"&CONFIG!$B$4&"!$A:$A"),VALUE(E6))>0,"IN PPI","NOT IN PPI")) | G6: =IF(F6="","","-") | H6: =IF(INPUT!F6="","",INPUT!F6) | I6: =IF(F6="","","N/A")
A7: =IF(INPUT!A7="","",INPUT!A7) | B7: =IF(INPUT!B7="","",INPUT!B7) | C7: =IF(INPUT!C7="","",INPUT!C7) | D7: =IF(INPUT!D7="","",INPUT!D7) | E7: =IF(INPUT!E7="","",TEXT(INPUT!E7,"0000000000")) | F7: =IF(E7="","",IF(COUNTIF(INDIRECT("PPI_"&CONFIG!$B$4&"!$A:$A"),VALUE(E7))>0,"IN PPI","NOT IN PPI")) | G7: =IF(F7="","","-") | H7: =IF(INPUT!F7="","",INPUT!F7) | I7: =IF(F7="","","N/A")
A8: =IF(INPUT!A8="","",INPUT!A8) | B8: =IF(INPUT!B8="","",INPUT!B8) | C8: =IF(INPUT!C8="","",INPUT!C8) | D8: =IF(INPUT!D8="","",INPUT!D8) | E8: =IF(INPUT!E8="","",TEXT(INPUT!E8,"0000000000")) | F8: =IF(E8="","",IF(COUNTIF(INDIRECT("PPI_"&CONFIG!$B$4&"!$A:$A"),VALUE(E8))>0,"IN PPI","NOT IN PPI")) | G8: =IF(F8="","","-") | H8: =IF(INPUT!F8="","",INPUT!F8) | I8: =IF(F8="","","N/A")
A9: =IF(INPUT!A9="","",INPUT!A9) | B9: =IF(INPUT!B9="","",INPUT!B9) | C9: =IF(INPUT!C9="","",INPUT!C9) | D9: =IF(INPUT!D9="","",INPUT!D9) | E9: =IF(INPUT!E9="","",TEXT(INPUT!E9,"0000000000")) | F9: =IF(E9="","",IF(COUNTIF(INDIRECT("PPI_"&CONFIG!$B$4&"!$A:$A"),VALUE(E9))>0,"IN PPI","NOT IN PPI")) | G9: =IF(F9="","","-") | H9: =IF(INPUT!F9="","",INPUT!F9) | I9: =IF(F9="","","N/A")
A10: =IF(INPUT!A10="","",INPUT!A10) | B10: =IF(INPUT!B10="","",INPUT!B10) | C10: =IF(INPUT!C10="","",INPUT!C10) | D10: =IF(INPUT!D10="","",INPUT!D10) | E10: =IF(INPUT!E10="","",TEXT(INPUT!E10,"0000000000")) | F10: =IF(E10="","",IF(COUNTIF(INDIRECT("PPI_"&CONFIG!$B$4&"!$A:$A"),VALUE(E10))>0,"IN PPI","NOT IN PPI")) | G10: =IF(F10="","","-") | H10: =IF(INPUT!F10="","",INPUT!F10) | I10: =IF(F10="","","N/A")
A11: =IF(INPUT!A11="","",INPUT!A11) | B11: =IF(INPUT!B11="","",INPUT!B11) | C11: =IF(INPUT!C11="","",INPUT!C11) | D11: =IF(INPUT!D11="","",INPUT!D11) | E11: =IF(INPUT!E11="","",TEXT(INPUT!E11,"0000000000")) | F11: =IF(E11="","",IF(COUNTIF(INDIRECT("PPI_"&CONFIG!$B$4&"!$A:$A"),VALUE(E11))>0,"IN PPI","NOT IN PPI")) | G11: =IF(F11="","","-") | H11: =IF(INPUT!F11="","",INPUT!F11) | I11: =IF(F11="","","N/A")
A12: =IF(INPUT!A12="","",INPUT!A12) | B12: =IF(INPUT!B12="","",INPUT!B12) | C12: =IF(INPUT!C12="","",INPUT!C12) | D12: =IF(INPUT!D12="","",INPUT!D12) | E12: =IF(INPUT!E12="","",TEXT(INPUT!E12,"0000000000")) | F12: =IF(E12="","",IF(COUNTIF(INDIRECT("PPI_"&CONFIG!$B$4&"!$A:$A"),VALUE(E12))>0,"IN PPI","NOT IN PPI")) | G12: =IF(F12="","","-") | H12: =IF(INPUT!F12="","",INPUT!F12) | I12: =IF(F12="","","N/A")
A13: =IF(INPUT!A13="","",INPUT!A13) | B13: =IF(INPUT!B13="","",INPUT!B13) | C13: =IF(INPUT!C13="","",INPUT!C13) | D13: =IF(INPUT!D13="","",INPUT!D13) | E13: =IF(INPUT!E13="","",TEXT(INPUT!E13,"0000000000")) | F13: =IF(E13="","",IF(COUNTIF(INDIRECT("PPI_"&CONFIG!$B$4&"!$A:$A"),VALUE(E13))>0,"IN PPI","NOT IN PPI")) | G13: =IF(F13="","","-") | H13: =IF(INPUT!F13="","",INPUT!F13) | I13: =IF(F13="","","N/A")
A14: =IF(INPUT!A14="","",INPUT!A14) | B14: =IF(INPUT!B14="","",INPUT!B14) | C14: =IF(INPUT!C14="","",INPUT!C14) | D14: =IF(INPUT!D14="","",INPUT!D14) | E14: =IF(INPUT!E14="","",TEXT(INPUT!E14,"0000000000")) | F14: =IF(E14="","",IF(COUNTIF(INDIRECT("PPI_"&CONFIG!$B$4&"!$A:$A"),VALUE(E14))>0,"IN PPI","NOT IN PPI")) | G14: =IF(F14="","","-") | H14: =IF(INPUT!F14="","",INPUT!F14) | I14: =IF(F14="","","N/A")
... A502: =IF(INPUT!A502="","",INPUT!A502) | B502: =IF(INPUT!B502="","",INPUT!B502) | C502: =IF(INPUT!C502="","",INPUT!C502) | D502: =IF(INPUT!D502="","",INPUT!D502) | E502: =IF(INPUT!E502="","",TEXT(INPUT!E502,"0000000000")) | F502: =IF(E502="","",IF(COUNTIF(INDIRECT("PPI_"&CONFIG!$B$4&"!$A:$A"),VALUE(E502))>0,"IN PPI","NOT IN PPI")) | G502: =IF(F502="","","-") | H502: =IF(INPUT!F502="","",INPUT!F502) | I502: =IF(F502="","","N/A")

Sheet THO_OUTPUT
A1: SECTION A — Lignes NON CONFORMES PPI / PPI Non-Compliant Lines
A2: Ligne / Line N° | B2: Code Article / Item | C2: Désignation | D2: Class | E2: Code HS Facture / Invoice HS | F2: Statut PPI / PPI Status | G2: Code HS Historique / DB HS (Suggestion) | H2: Action Requise / Required Action
A3: {=_xlfn._xlws.FILTER(CHOOSE({1,2,3,4,5,6,7,8},INPUT!A3:A502,INPUT!B3:B502,INPUT!C3:C502,INPUT!D3:D502,INPUT!E3:E502,HS_CHECK!G3:G502,HS_CHECK!H3:H502,PPI_CHECK!F3:F502),(PPI_CHECK!F3:F502="NOT IN PPI")+(HS_CHECK!H3:H502="MISMATCH")+(HS_CHECK!H3:H502="NEW ITEM"),"All lines compliant")}

Sheet PPI_CVC
A1: PPI — Citi/CVC (Spare Parts / SVC)
A2: HS Code | B2: Description
A3: 3917331000 | B3: Des types utilises pour acheminer, conduire ou distribuer des gaz ou des liquides
A4: 3919909100 | B4: Revetus d'impressions ou d'illustrations
A5: 3925308000 | B5: Volets, stores (y compris les stores venitiens) et articles similaires, et leurs parties
A6: 3926909990 | B6: Autres ouvrages en matieres plastiques
A7: 4016939000 | B7: Autres joints en caoutchouc
A8: 4016992200 | B8: Pour machines et appareils de la Section XVI ou instruments et appareils du Chapitre 90
A9: 7020009900 | B9: Autres ouvrages en verre
A10: 7318152900 | B10: Vis et boulons avec tete en fonte, fer ou aciers non inoxydables
A11: 7318161000 | B11: En aciers inoxydables
A12: 7318290000 | B12: Autres articles non filetes
A13: 7320209000 | B13: Ressorts en helice
A14: 7320909000 | B14: Autres
... A78: 9603500000 | B78: Autres brosses constituant des parties de machines, d'appareils ou de vehicules

Sheet PPI_HSBC
A1: PPI — HSBC (Kits)
A2: HS Code | B2: Description
A3: 3403999000 | B3: Grease
A4: 3810901900 | B4: Flux
A5: 3917321000 | B5: Tube Assembly,Drain
A6: 3917331000 | B6: Duct Assembly,Multi
A7: 3919909100 | B7: Name Plate,Pet
A8: 3919909200 | B8: Adhesive
A9: 3919909200 | B9: Tape,Polyester
A10: 3919909200 | B10: Tape,Masking
A11: 3919909200 | B11: Tape,PETP
A12: 3919909200 | B12: tape,Non Woven
A13: 3919909200 | B13: Tape,Filament
A14: 3919909200 | B14: Tape,OPP
... A179: 8544422900 | B179: Harness
